geolocation_zip_code_prefix,geolocation_lat,geolocation_lng,geolocation_city,geolocation_state
1037,-23.5456212811527,-46.6392920480017,sao paulo,SP
1046,-23.5460811270355,-46.6448202983716,sao paulo,SP
1041,-23.5443921648681,-46.6394993062784,sao paulo,SP
1035,-23.5415779617115,-46.6416072232961,sao paulo,SP
1012,-23.5477623033643,-46.6353605378845,são paulo,SP
1047,-23.5462731124127,-46.6412251697155,sao paulo,SP
